<?xml version="1.0" encoding="UTF-8"?>
<!DOCTYPE mapper PUBLIC "-//mybatis.org//DTD Mapper 3.0//EN" "http://mybatis.org/dtd/mybatis-3-mapper.dtd">
<mapper namespace="com.xiyuan.demo.dao.CommodityPojoMapper">
    <resultMap id="BaseResultMap" type="com.xiyuan.demo.entity.pojo.CommodityPojo">
        <result column="id" jdbcType="VARCHAR" property="id"/>
        <result column="commodity_type" jdbcType="INTEGER" property="commodityType"/>
        <result column="commodity_name" jdbcType="VARCHAR" property="commodityName"/>
        <result column="commodity_price" jdbcType="DECIMAL" property="commodityPrice"/>
        <result column="commodity_all_num" jdbcType="INTEGER" property="commodityAllNum"/>
        <result column="commodity_sold_num" jdbcType="INTEGER" property="commoditySoldNum"/>
        <result column="remark" jdbcType="VARCHAR" property="remark"/>
        <result column="creater" jdbcType="VARCHAR" property="creater"/>
        <result column="create_time" jdbcType="TIMESTAMP" property="createTime"/>
        <result column="updater" jdbcType="VARCHAR" property="updater"/>
        <result column="update_time" jdbcType="TIMESTAMP" property="updateTime"/>
    </resultMap>

    <insert id="insert" parameterType="com.xiyuan.demo.entity.pojo.CommodityPojo">
    insert into tb_commodity (id, commodity_type, commodity_name,
      commodity_price, commodity_all_num, commodity_sold_num,
      remark, creater, create_time,
      updater, update_time)
    values (#{id,jdbcType=VARCHAR}, #{commodityType,jdbcType=INTEGER}, #{commodityName,jdbcType=VARCHAR},
      #{commodityPrice,jdbcType=DECIMAL}, #{commodityAllNum,jdbcType=INTEGER}, #{commoditySoldNum,jdbcType=INTEGER},
      #{remark,jdbcType=VARCHAR}, #{creater,jdbcType=VARCHAR}, #{createTime,jdbcType=TIMESTAMP},
      #{updater,jdbcType=VARCHAR}, #{updateTime,jdbcType=TIMESTAMP})
  </insert>
    <insert id="insertSelective" parameterType="com.xiyuan.demo.entity.pojo.CommodityPojo">
        insert into tb_commodity
        <trim prefix="(" suffix=")" suffixOverrides=",">
            <if test="id != null">
                id,
            </if>
            <if test="commodityType != null">
                commodity_type,
            </if>
            <if test="commodityName != null">
                commodity_name,
            </if>
            <if test="commodityPrice != null">
                commodity_price,
            </if>
            <if test="commodityAllNum != null">
                commodity_all_num,
            </if>
            <if test="commoditySoldNum != null">
                commodity_sold_num,
            </if>
            <if test="remark != null">
                remark,
            </if>
            <if test="creater != null">
                creater,
            </if>
            <if test="createTime != null">
                create_time,
            </if>
            <if test="updater != null">
                updater,
            </if>
            <if test="updateTime != null">
                update_time,
            </if>
        </trim>
        <trim prefix="values (" suffix=")" suffixOverrides=",">
            <if test="id != null">
                #{id,jdbcType=VARCHAR},
            </if>
            <if test="commodityType != null">
                #{commodityType,jdbcType=INTEGER},
            </if>
            <if test="commodityName != null">
                #{commodityName,jdbcType=VARCHAR},
            </if>
            <if test="commodityPrice != null">
                #{commodityPrice,jdbcType=DECIMAL},
            </if>
            <if test="commodityAllNum != null">
                #{commodityAllNum,jdbcType=INTEGER},
            </if>
            <if test="commoditySoldNum != null">
                #{commoditySoldNum,jdbcType=INTEGER},
            </if>
            <if test="remark != null">
                #{remark,jdbcType=VARCHAR},
            </if>
            <if test="creater != null">
                #{creater,jdbcType=VARCHAR},
            </if>
            <if test="createTime != null">
                #{createTime,jdbcType=TIMESTAMP},
            </if>
            <if test="updater != null">
                #{updater,jdbcType=VARCHAR},
            </if>
            <if test="updateTime != null">
                #{updateTime,jdbcType=TIMESTAMP},
            </if>
        </trim>
    </insert>

</mapper>