<?xml version="1.0" encoding="UTF-8"?>
<!DOCTYPE mapper PUBLIC "-//mybatis.org//DTD Mapper 3.0//EN" "http://mybatis.org/dtd/mybatis-3-mapper.dtd">
<mapper namespace="com.xiyuan.demo.dao.OrderPojoMapper">
    <resultMap id="BaseResultMap" type="com.xiyuan.demo.entity.pojo.OrderPojo">
        <result column="id" jdbcType="VARCHAR" property="id"/>
        <result column="user_id" jdbcType="VARCHAR" property="userId"/>
        <result column="product_id" jdbcType="VARCHAR" property="productId"/>
        <result column="order_price" jdbcType="DECIMAL" property="orderPrice"/>
        <result column="creater" jdbcType="VARCHAR" property="creater"/>
        <result column="create_time" jdbcType="TIMESTAMP" property="createTime"/>
        <result column="updater" jdbcType="VARCHAR" property="updater"/>
        <result column="update_time" jdbcType="TIMESTAMP" property="updateTime"/>
    </resultMap>

    <insert id="insert" parameterType="com.xiyuan.demo.entity.pojo.OrderPojo">
    insert into tb_order (id, user_id, product_id,
      order_price, creater, create_time,
      updater, update_time)
    values (#{id,jdbcType=VARCHAR}, #{userId,jdbcType=VARCHAR}, #{productId,jdbcType=VARCHAR},
      #{orderPrice,jdbcType=DECIMAL}, #{creater,jdbcType=VARCHAR}, #{createTime,jdbcType=TIMESTAMP},
      #{updater,jdbcType=VARCHAR}, #{updateTime,jdbcType=TIMESTAMP})
  </insert>
    <insert id="insertSelective" parameterType="com.xiyuan.demo.entity.pojo.OrderPojo">
        insert into tb_order
        <trim prefix="(" suffix=")" suffixOverrides=",">
            <if test="id != null">
                id,
            </if>
            <if test="userId != null">
                user_id,
            </if>
            <if test="productId != null">
                product_id,
            </if>
            <if test="orderPrice != null">
                order_price,
            </if>
            <if test="creater != null">
                creater,
            </if>
            <if test="createTime != null">
                create_time,
            </if>
            <if test="updater != null">
                updater,
            </if>
            <if test="updateTime != null">
                update_time,
            </if>
        </trim>
        <trim prefix="values (" suffix=")" suffixOverrides=",">
            <if test="id != null">
                #{id,jdbcType=VARCHAR},
            </if>
            <if test="userId != null">
                #{userId,jdbcType=VARCHAR},
            </if>
            <if test="productId != null">
                #{productId,jdbcType=VARCHAR},
            </if>
            <if test="orderPrice != null">
                #{orderPrice,jdbcType=DECIMAL},
            </if>
            <if test="creater != null">
                #{creater,jdbcType=VARCHAR},
            </if>
            <if test="createTime != null">
                #{createTime,jdbcType=TIMESTAMP},
            </if>
            <if test="updater != null">
                #{updater,jdbcType=VARCHAR},
            </if>
            <if test="updateTime != null">
                #{updateTime,jdbcType=TIMESTAMP},
            </if>
        </trim>
    </insert>

</mapper>