<?xml version="1.0" encoding="UTF-8"?>
<!DOCTYPE mapper PUBLIC "-//mybatis.org//DTD Mapper 3.0//EN" "http://mybatis.org/dtd/mybatis-3-mapper.dtd">
<mapper namespace="com.xiyuan.demo.dao.UserInfoPojoMapper">
    <resultMap id="BaseResultMap" type="com.xiyuan.demo.entity.pojo.UserInfoPojo">
        <id column="id" jdbcType="VARCHAR" property="id"/>
        <result column="user_name" jdbcType="VARCHAR" property="userName"/>
        <result column="password" jdbcType="VARCHAR" property="password"/>
        <result column="user_type" jdbcType="SMALLINT" property="userType"/>
        <result column="name" jdbcType="VARCHAR" property="name"/>
        <result column="sex" jdbcType="INTEGER" property="sex"/>
        <result column="remark" jdbcType="VARCHAR" property="remark"/>
        <result column="creater" jdbcType="VARCHAR" property="creater"/>
        <result column="create_time" jdbcType="TIMESTAMP" property="createTime"/>
        <result column="updater" jdbcType="VARCHAR" property="updater"/>
        <result column="update_time" jdbcType="TIMESTAMP" property="updateTime"/>
    </resultMap>
    <sql id="Base_Column_List">
    id, user_name, password, user_type, name, sex, remark, creater, create_time, updater,
    update_time
  </sql>

    <!--用户登录-->
    <select id="login" resultMap="BaseResultMap">
        select
        <include refid="Base_Column_List"/>
        from tb_user
        where user_name = #{userName,jdbcType=VARCHAR}
        and password = #{tempPassword,jdbcType=VARCHAR}
    </select>

    <!--根据用户名获取用户-->
    <select id="loginbyUsername" resultMap="BaseResultMap">
    select
    user_name, password, user_type
    from tb_user
    where user_name = #{userName,jdbcType=VARCHAR}
  </select>

    <!--根据id获取users-->
    <select id="selectByPrimaryKeys" parameterType="java.lang.String" resultMap="BaseResultMap">
        select
        <include refid="Base_Column_List" />
        from tb_user
        <if test="listId !=null">
        where id in
        <foreach collection="listId" index="index" item="item" open="(" separator="," close=")">
            #{item,jdbcType=VARCHAR}
        </foreach>
        </if>
    </select>

    <!--分页查询获取数据总个数-->
    <select id="getUserInfoByPageCount" parameterType="com.xiyuan.demo.entity.param.UserInfoForSearchRes"
            resultType="java.lang.Integer">
        select count(0) from tb_user
        where 1=1
        <if test="userName !=null and userName != ''">
            and user_name like CONCAT(CONCAT('%',#{userName,jdbcType=VARCHAR}), '%')
        </if>
        <!-- 查询条件：创建开始时间 -->
        <if test="searchStartTime!=null and searchStartTime!=''">
            AND update_time &gt;= #{searchStartTime}
        </if>
        <!-- 查询条件：创建结束时间 -->
        <if test="searchEndTime!=null and searchEndTime!=''">
            AND update_time &lt;= #{searchEndTime}
        </if>
    </select>

    <!--分页查询获取数据-->
    <select id="getUserInfoByPage" parameterType="com.xiyuan.demo.entity.param.UserInfoForSearchRes" resultMap="BaseResultMap">
        select
        <include refid="Base_Column_List"/>
        from tb_user
        where 1=1
        <if test="userName !=null and userName != ''">
            and user_name like CONCAT(CONCAT('%',#{userName,jdbcType=VARCHAR}), '%')
        </if>
        <!-- 查询条件：创建开始时间 -->
        <if test="searchStartTime!=null and searchStartTime!=''">
            AND update_time &gt;= #{searchStartTime}
        </if>
        <!-- 查询条件：创建结束时间 -->
        <if test="searchEndTime!=null and searchEndTime!=''">
            AND update_time &lt;= #{searchEndTime}
        </if>
        order by update_time desc
        limit #{startNum},#{pageSize}
    </select>

    <!--查询获取数据（不分页）-->
    <select id="getUserInfoByPageNoPage" parameterType="com.xiyuan.demo.entity.param.UserInfoForSearchRes"
            resultMap="BaseResultMap">
        select
        <include refid="Base_Column_List"/>
        from tb_user
        where 1=1
        <if test="userName !=null and userName != ''">
            and user_name like CONCAT(CONCAT('%',#{userName,jdbcType=VARCHAR}), '%')
        </if>
        <!-- 查询条件：创建开始时间 -->
        <if test="searchStartTime!=null and searchStartTime!=''">
            AND update_time &gt;= #{searchStartTime}
        </if>
        <!-- 查询条件：创建结束时间 -->
        <if test="searchEndTime!=null and searchEndTime!=''">
            AND update_time &lt;= #{searchEndTime}
        </if>
        order by update_time desc
    </select>

    <!-- 批量插入 -->
    <insert id="BatchInsert" parameterType="java.util.List">
        insert into tb_user (id, user_name, password,
        user_type, name, sex,
        remark, creater,create_time,updater,
        update_time)
        values
        <foreach collection="list" item="option" index="index" separator=",">
            (#{option.id,jdbcType=VARCHAR}, #{option.userName,jdbcType=VARCHAR}, #{option.password,jdbcType=VARCHAR},
            #{option.userType,jdbcType=SMALLINT}, #{option.name,jdbcType=VARCHAR}, #{option.sex,jdbcType=VARCHAR},
            #{option.remark,jdbcType=VARCHAR},
            #{option.creater,jdbcType=VARCHAR},
            #{option.createTime,jdbcType=TIMESTAMP})
            #{option.updater,jdbcType=VARCHAR},
            #{option.updateTime,jdbcType=TIMESTAMP})
        </foreach>
    </insert>

    <select id="selectByPrimaryKey" parameterType="java.lang.String" resultMap="BaseResultMap">
        select
        <include refid="Base_Column_List" />
        from tb_user
        where id = #{id,jdbcType=VARCHAR}
    </select>
    <delete id="deleteByPrimaryKey" parameterType="java.lang.String">
    delete from tb_user
    where id = #{id,jdbcType=VARCHAR}
  </delete>
    <insert id="insert" parameterType="com.xiyuan.demo.entity.pojo.UserInfoPojo">
    insert into tb_user (id, user_name, password,
      user_type, name, sex,
      remark, creater, create_time,
      updater, update_time)
    values (#{id,jdbcType=VARCHAR}, #{userName,jdbcType=VARCHAR}, #{password,jdbcType=VARCHAR},
      #{userType,jdbcType=SMALLINT}, #{name,jdbcType=VARCHAR}, #{sex,jdbcType=INTEGER},
      #{remark,jdbcType=VARCHAR}, #{creater,jdbcType=VARCHAR}, #{createTime,jdbcType=TIMESTAMP},
      #{updater,jdbcType=VARCHAR}, #{updateTime,jdbcType=TIMESTAMP})
  </insert>
    <insert id="insertSelective" parameterType="com.xiyuan.demo.entity.pojo.UserInfoPojo">
        insert into tb_user
        <trim prefix="(" suffix=")" suffixOverrides=",">
            <if test="id != null">
                id,
            </if>
            <if test="userName != null">
                user_name,
            </if>
            <if test="password != null">
                password,
            </if>
            <if test="userType != null">
                user_type,
            </if>
            <if test="name != null">
                name,
            </if>
            <if test="sex != null">
                sex,
            </if>
            <if test="remark != null">
                remark,
            </if>
            <if test="creater != null">
                creater,
            </if>
            <if test="createTime != null">
                create_time,
            </if>
            <if test="updater != null">
                updater,
            </if>
            <if test="updateTime != null">
                update_time,
            </if>
        </trim>
        <trim prefix="values (" suffix=")" suffixOverrides=",">
            <if test="id != null">
                #{id,jdbcType=VARCHAR},
            </if>
            <if test="userName != null">
                #{userName,jdbcType=VARCHAR},
            </if>
            <if test="password != null">
                #{password,jdbcType=VARCHAR},
            </if>
            <if test="userType != null">
                #{userType,jdbcType=SMALLINT},
            </if>
            <if test="name != null">
                #{name,jdbcType=VARCHAR},
            </if>
            <if test="sex != null">
                #{sex,jdbcType=INTEGER},
            </if>
            <if test="remark != null">
                #{remark,jdbcType=VARCHAR},
            </if>
            <if test="creater != null">
                #{creater,jdbcType=VARCHAR},
            </if>
            <if test="createTime != null">
                #{createTime,jdbcType=TIMESTAMP},
            </if>
            <if test="updater != null">
                #{updater,jdbcType=VARCHAR},
            </if>
            <if test="updateTime != null">
                #{updateTime,jdbcType=TIMESTAMP},
            </if>
        </trim>
    </insert>
    <update id="updateByPrimaryKeySelective" parameterType="com.xiyuan.demo.entity.pojo.UserInfoPojo">
        update tb_user
        <set>
            <if test="userName != null">
                user_name = #{userName,jdbcType=VARCHAR},
            </if>
            <if test="password != null">
                password = #{password,jdbcType=VARCHAR},
            </if>
            <if test="userType != null">
                user_type = #{userType,jdbcType=SMALLINT},
            </if>
            <if test="name != null">
                name = #{name,jdbcType=VARCHAR},
            </if>
            <if test="sex != null">
                sex = #{sex,jdbcType=INTEGER},
            </if>
            <if test="remark != null">
                remark = #{remark,jdbcType=VARCHAR},
            </if>
            <if test="creater != null">
                creater = #{creater,jdbcType=VARCHAR},
            </if>
            <if test="createTime != null">
                create_time = #{createTime,jdbcType=TIMESTAMP},
            </if>
            <if test="updater != null">
                updater = #{updater,jdbcType=VARCHAR},
            </if>
            <if test="updateTime != null">
                update_time = #{updateTime,jdbcType=TIMESTAMP},
            </if>
        </set>
        where id = #{id,jdbcType=VARCHAR}
    </update>
    <update id="updateByPrimaryKey" parameterType="com.xiyuan.demo.entity.pojo.UserInfoPojo">
    update tb_user
    set user_name = #{userName,jdbcType=VARCHAR},
      password = #{password,jdbcType=VARCHAR},
      user_type = #{userType,jdbcType=SMALLINT},
      name = #{name,jdbcType=VARCHAR},
      sex = #{sex,jdbcType=INTEGER},
      remark = #{remark,jdbcType=VARCHAR},
      creater = #{creater,jdbcType=VARCHAR},
      create_time = #{createTime,jdbcType=TIMESTAMP},
      updater = #{updater,jdbcType=VARCHAR},
      update_time = #{updateTime,jdbcType=TIMESTAMP}
    where id = #{id,jdbcType=VARCHAR}
  </update>

</mapper>